OF;Poste;Date Début;Date Fin
BSK2511OF6413;2362;2025-11-10 00:00;2025-11-10 02:01
BSK2511OF6413;4010;2025-11-10 02:01;2025-11-10 04:19
BSK2511OF6414;2362;2025-11-10 02:01;2025-11-10 04:02
BSK2511OF6414;4010;2025-11-10 04:19;2025-11-10 06:37
BSK2511OF6116;4120;2025-11-10 04:19;2025-11-10 06:57
BSK2511OF6116;3995;2025-11-10 06:57;2025-11-10 13:52
BSK2511OF6117;4120;2025-11-10 06:57;2025-11-10 09:35
BSK2511OF6117;3995;2025-11-10 13:52;2025-11-10 20:47
BSK2511OF6416;2362;2025-11-10 04:02;2025-11-10 07:28
BSK2511OF6416;3934;2025-11-10 07:28;2025-11-10 11:28
BSK2511OF6416;6025;2025-11-10 11:28;2025-11-10 16:37
BSK2511OF6416;3934;2025-11-10 16:37;2025-11-10 21:46
BSK2511OF6417;2362;2025-11-10 07:28;2025-11-10 10:54
BSK2511OF6417;3934;2025-11-10 21:46;2025-11-11 01:46
BSK2511OF6417;6025;2025-11-11 01:46;2025-11-11 06:55
BSK2511OF6417;3934;2025-11-11 06:55;2025-11-11 12:04
BSK2511OF6166;4120;2025-11-10 21:46;2025-11-11 01:37
BSK2511OF6166;6077;2025-11-11 01:37;2025-11-11 08:49
BSK2511OF6167;4120;2025-11-11 12:04;2025-11-11 15:55
BSK2511OF6167;6077;2025-11-11 15:55;2025-11-11 23:07
BSK2511OF7270;3930;2025-11-11 08:49;2025-11-11 11:41
BSK2511OF7270;4747;2025-11-11 11:41;2025-11-11 14:33
BSK2511OF7270;3931;2025-11-11 14:33;2025-11-11 16:45
BSK2511OF7271;3930;2025-11-11 23:07;2025-11-12 03:06
BSK2511OF7271;4747;2025-11-12 03:06;2025-11-12 07:05
BSK2511OF7271;3931;2025-11-12 07:05;2025-11-12 10:08
BSK2511OF7273;3930;2025-11-12 03:06;2025-11-12 04:13
BSK2511OF7273;4747;2025-11-12 07:05;2025-11-12 08:12
BSK2511OF7273;3931;2025-11-12 10:08;2025-11-12 11:00
BSK2511OF6418;2362;2025-11-10 10:54;2025-11-10 14:22
BSK2511OF6418;3934;2025-11-11 12:04;2025-11-11 18:24
BSK2511OF6418;6025;2025-11-11 18:24;2025-11-12 02:28
BSK2511OF6418;3934;2025-11-12 02:28;2025-11-12 09:57
BSK2511OF6419;2362;2025-11-10 14:22;2025-11-10 17:50
BSK2511OF6419;3934;2025-11-17 00:00;2025-11-17 06:20
BSK2511OF6419;6025;2025-11-17 06:20;2025-11-17 14:24
BSK2511OF6419;3934;2025-11-17 14:24;2025-11-17 21:53
BSK2511OF6169;4120;2025-11-12 09:57;2025-11-12 13:48
BSK2511OF6169;6077;2025-11-12 13:48;2025-11-12 21:00
BSK2511OF6170;4120;2025-11-12 13:48;2025-11-12 17:39
BSK2511OF6170;6077;2025-11-12 21:00;2025-11-13 04:12
BSK2511OF6171;4120;2025-11-12 17:39;2025-11-12 21:30
BSK2511OF6171;6077;2025-11-17 00:00;2025-11-17 07:12
BSK2511OF6172;4120;2025-11-17 21:53;2025-11-18 01:44
BSK2511OF6172;6077;2025-11-18 01:44;2025-11-18 08:56
BSK2511OF7274;3930;2025-11-17 07:12;2025-11-17 16:53
BSK2511OF7274;4747;2025-11-17 16:53;2025-11-18 02:34
BSK2511OF7274;3931;2025-11-18 02:34;2025-11-18 10:00
BSK2511OF7275;3930;2025-11-18 08:56;2025-11-18 12:10
BSK2511OF7275;4747;2025-11-18 12:10;2025-11-18 15:24
BSK2511OF7275;3931;2025-11-18 15:24;2025-11-18 17:53
BSK2511OF6720;2362;2025-11-17 00:00;2025-11-17 02:36
BSK2511OF6720;3926;2025-11-17 02:36;2025-11-17 05:29
BSK2511OF6720;4807;2025-11-17 05:29;2025-11-17 07:13
BSK2511OF6720;6011;2025-11-17 07:13;2025-11-17 09:31
BSK2511OF6720;3934;2025-11-17 09:31;2025-11-17 11:15
BSK2511OF6721;2362;2025-11-17 02:36;2025-11-17 05:12
BSK2511OF6721;3926;2025-11-17 05:29;2025-11-17 08:22
BSK2511OF6721;4807;2025-11-17 08:22;2025-11-17 10:06
BSK2511OF6721;6011;2025-11-17 10:06;2025-11-17 12:24
BSK2511OF6721;3934;2025-11-17 12:24;2025-11-17 14:08
BSK2511OF6176;4120;2025-11-17 11:15;2025-11-17 16:30
BSK2511OF6176;6077;2025-11-17 16:30;2025-11-17 23:25
BSK2511OF6177;4120;2025-11-17 16:30;2025-11-17 21:45
BSK2511OF6177;6077;2025-11-18 08:56;2025-11-18 15:51
BSK2511OF6178;4120;2025-11-18 01:44;2025-11-18 04:12
BSK2511OF6178;3995;2025-11-18 04:12;2025-11-18 09:57
BSK2511OF7286;3944;2025-11-17 23:25;2025-11-18 05:19
BSK2511OF7286;4760;2025-11-18 05:19;2025-11-18 11:13
BSK2511OF7287;3944;2025-11-18 09:57;2025-11-18 12:23
BSK2511OF7287;4760;2025-11-18 12:23;2025-11-18 14:49
BSK2511OF6326;2362;2025-11-10 17:50;2025-11-10 19:51
BSK2511OF6326;4010;2025-11-10 19:51;2025-11-10 22:09
BSK2511OF6724;4120;2025-11-11 01:37;2025-11-11 04:15
BSK2511OF6724;3995;2025-11-11 04:15;2025-11-11 11:10
BSK2511OF6725;4120;2025-11-11 04:15;2025-11-11 07:39
BSK2511OF6725;3995;2025-11-11 11:10;2025-11-11 18:05
BSK2511OF6726;4120;2025-11-11 07:39;2025-11-11 11:03
BSK2511OF6726;3995;2025-11-11 18:05;2025-11-12 01:00
BSK2511OF7159;4814;2025-11-12 01:00;2025-11-12 19:59
BSK2511OF7159;4703;2025-11-12 19:59;2025-11-13 14:58
BSK2511OF7161;4814;2025-11-12 19:59;2025-11-13 01:45
BSK2511OF7161;4703;2025-11-13 14:58;2025-11-13 20:44
BSK2511OF6810;2694;2025-11-10 00:00;2025-11-10 01:09
BSK2511OF6810;3826X;2025-11-10 01:09;2025-11-10 09:30
BSK2511OF6810;3826;2025-11-10 09:30;2025-11-10 15:33
BSK2511OF6810;3893;2025-11-10 15:33;2025-11-11 02:29
BSK2511OF6811;2694;2025-11-10 01:09;2025-11-10 02:18
BSK2511OF6811;3826X;2025-11-10 09:30;2025-11-10 17:51
BSK2511OF6811;3826;2025-11-10 17:51;2025-11-10 23:54
BSK2511OF6811;3893;2025-11-11 02:29;2025-11-11 13:25
BSK2511OF6812;2694;2025-11-10 02:18;2025-11-10 03:27
BSK2511OF6812;3826X;2025-11-10 17:51;2025-11-11 02:12
BSK2511OF6812;3826;2025-11-11 02:12;2025-11-11 08:15
BSK2511OF6812;3893;2025-11-11 13:25;2025-11-12 00:21
BSK2511OF6813;2694;2025-11-10 03:27;2025-11-10 04:36
BSK2511OF6813;3826X;2025-11-11 02:12;2025-11-11 10:33
BSK2511OF6813;3826;2025-11-11 10:33;2025-11-11 16:36
BSK2511OF6813;3893;2025-11-17 00:00;2025-11-17 10:56
BSK2511OF6814;2694;2025-11-10 04:36;2025-11-10 05:45
BSK2511OF6814;3826X;2025-11-17 00:00;2025-11-17 08:21
BSK2511OF6814;3826;2025-11-17 08:21;2025-11-17 14:24
BSK2511OF6814;3893;2025-11-17 14:24;2025-11-18 01:20
BSK2511OF6815;2694;2025-11-10 05:45;2025-11-10 06:54
BSK2511OF6815;3826X;2025-11-17 08:21;2025-11-17 16:42
BSK2511OF6815;3826;2025-11-17 16:42;2025-11-17 22:45
BSK2511OF6815;3893;2025-11-18 01:20;2025-11-18 12:16
BSK2511OF7518;2694;2025-11-10 06:54;2025-11-10 08:03
BSK2511OF7518;3826X;2025-11-17 16:42;2025-11-18 01:03
BSK2511OF7518;3826;2025-11-18 01:03;2025-11-18 07:06
BSK2511OF7518;3893;2025-11-24 00:00;2025-11-24 10:56
BSK2511OF7519;2694;2025-11-10 08:03;2025-11-10 09:12
BSK2511OF7519;3826X;2025-11-18 01:03;2025-11-18 09:24
BSK2511OF7519;3826;2025-11-18 09:24;2025-11-18 15:27
BSK2511OF7519;3893;2025-11-24 10:56;2025-11-24 21:52
BSK2511OF6653;MIB;2025-11-11 02:29;2025-11-11 19:59
BSK2511OF6653;2642;2025-11-11 19:59;2025-11-12 02:50
BSK2511OF6654;MIB;2025-11-11 19:59;2025-11-12 13:29
BSK2511OF6654;2642;2025-11-12 13:29;2025-11-12 20:20
BSK2511OF6655;MIB;2025-11-17 00:00;2025-11-17 17:30
BSK2511OF6655;2642;2025-11-17 17:30;2025-11-18 00:21
BSK2511OF6656;MIB;2025-11-17 17:30;2025-11-18 11:00
BSK2511OF6656;2642;2025-11-18 11:00;2025-11-18 17:51
BSK2511OF7517;MIB;2025-11-24 00:00;2025-11-24 17:30
BSK2511OF7517;2642;2025-11-24 17:30;2025-11-25 00:21
BSK2511OF6657;MIB;2025-11-24 17:30;2025-11-25 11:00
BSK2511OF6657;2642;2025-11-25 11:00;2025-11-25 16:20
BSK2511OF7513;MIB;2025-12-01 00:00;2025-12-01 17:30
BSK2511OF7513;2642;2025-12-01 17:30;2025-12-02 01:34
BSK2511OF7092;3843;2025-11-25 16:20;2025-11-26 03:01
BSK2511OF7092;4688;2025-11-26 03:01;2025-11-26 15:25
BSK2511OF7092;5019;2025-11-26 15:25;2025-11-27 05:12
BSK2511OF7092;5022;2025-11-27 05:12;2025-11-27 18:59
BSK2511OF7090;3843;2025-12-02 01:34;2025-12-02 21:19
BSK2511OF7090;4688;2025-12-02 21:19;2025-12-03 19:58
BSK2511OF7090;5019;2025-12-03 19:58;2025-12-04 21:05
BSK2511OF7090;5022;2025-12-04 21:05;2025-12-05 22:12
BSK2511OF6777;2362;2025-11-17 05:12;2025-11-17 06:39
BSK2511OF6777;4076;2025-11-17 06:39;2025-11-17 12:24
BSK2511OF6777;4807;2025-11-17 12:24;2025-11-17 17:00
BSK2511OF6777;4085;2025-11-17 17:00;2025-11-17 18:44
BSK2511OF6777;4010;2025-11-17 18:44;2025-11-17 20:28
BSK2511OF6778;2362;2025-11-17 06:39;2025-11-17 08:06
BSK2511OF6778;4076;2025-11-17 12:24;2025-11-17 18:09
BSK2511OF6778;4807;2025-11-17 18:09;2025-11-17 22:45
BSK2511OF6778;4085;2025-11-17 22:45;2025-11-18 00:29
BSK2511OF6778;4010;2025-11-18 00:29;2025-11-18 02:13
BSK2511OF6779;2362;2025-11-17 08:06;2025-11-17 09:33
BSK2511OF6779;4076;2025-11-17 18:09;2025-11-17 23:54
BSK2511OF6779;4807;2025-11-17 23:54;2025-11-18 04:30
BSK2511OF6779;4085;2025-11-18 04:30;2025-11-18 06:14
BSK2511OF6779;4010;2025-11-18 06:14;2025-11-18 07:58
BSK2511OF6780;2362;2025-11-17 09:33;2025-11-17 11:00
BSK2511OF6780;4076;2025-11-17 23:54;2025-11-18 05:39
BSK2511OF6780;4807;2025-11-18 05:39;2025-11-18 10:15
BSK2511OF6780;4085;2025-11-18 10:15;2025-11-18 11:59
BSK2511OF6780;4010;2025-11-18 11:59;2025-11-18 13:43
BSK2511OF6769;4818;2025-11-17 20:28;2025-11-18 02:27
BSK2511OF6769;3995;2025-11-18 09:57;2025-11-18 14:33
BSK2511OF6770;4818;2025-11-18 02:27;2025-11-18 08:26
BSK2511OF6770;3995;2025-11-18 14:33;2025-11-18 19:09
BSK2511OF6771;4818;2025-11-18 08:26;2025-11-18 14:25
BSK2511OF6771;3995;2025-11-18 19:09;2025-11-18 23:45
BSK2511OF6772;4818;2025-11-18 14:25;2025-11-18 20:24
BSK2511OF6772;3995;2025-11-18 23:45;2025-11-19 04:21
BSK2511OF6773;4818;2025-11-18 20:24;2025-11-19 05:54
BSK2511OF6773;3995;2025-11-19 05:54;2025-11-19 10:30
BSK2511OF6774;4818;2025-11-24 00:00;2025-11-24 09:30
BSK2511OF6774;3995;2025-11-24 09:30;2025-11-24 14:06
BSK2511OF6775;4818;2025-11-24 09:30;2025-11-24 19:00
BSK2511OF6775;3995;2025-11-24 19:00;2025-11-24 23:36
BSK2511OF6776;4818;2025-11-24 19:00;2025-11-25 04:30
BSK2511OF6776;3995;2025-11-25 04:30;2025-11-25 09:06
BSK2511OF7255;3930;2025-11-18 14:33;2025-11-18 15:07
BSK2511OF7255;4747;2025-11-18 15:24;2025-11-18 15:58
BSK2511OF7255;3931;2025-11-18 17:53;2025-11-18 18:19
BSK2511OF7256;3930;2025-11-18 19:09;2025-11-18 21:36
BSK2511OF7256;4747;2025-11-18 21:36;2025-11-19 00:03
BSK2511OF7256;3931;2025-11-19 00:03;2025-11-19 01:56
BSK2511OF7257;3930;2025-11-18 23:45;2025-11-19 02:58
BSK2511OF7257;4747;2025-11-19 02:58;2025-11-19 06:11
BSK2511OF7257;3931;2025-11-19 06:11;2025-11-19 08:39
BSK2511OF7258;3930;2025-11-19 04:21;2025-11-19 07:34
BSK2511OF7258;4747;2025-11-19 07:34;2025-11-19 10:47
BSK2511OF7258;3931;2025-11-19 10:47;2025-11-19 13:15
BSK2511OF7259;3930;2025-11-19 10:30;2025-11-19 11:45
BSK2511OF7259;4747;2025-11-19 11:45;2025-11-19 13:00
BSK2511OF7259;3931;2025-11-19 13:15;2025-11-19 14:12
BSK2511OF7260;3930;2025-11-24 14:06;2025-11-24 17:01
BSK2511OF7260;4747;2025-11-24 17:01;2025-11-24 19:56
BSK2511OF7260;3931;2025-11-24 19:56;2025-11-24 22:10
BSK2511OF7261;3930;2025-11-24 23:36;2025-11-25 04:12
BSK2511OF7261;4747;2025-11-25 04:12;2025-11-25 08:48
BSK2511OF7261;3931;2025-11-25 08:48;2025-11-25 12:19
BSK2511OF7262;3930;2025-11-25 04:12;2025-11-25 08:48
BSK2511OF7262;4747;2025-11-25 08:48;2025-11-25 13:24
BSK2511OF7262;3931;2025-11-25 13:24;2025-11-25 16:55
BSK2511OF7263;3930;2025-11-25 09:06;2025-11-25 17:09
BSK2511OF7263;4747;2025-11-25 17:09;2025-11-26 01:12
BSK2511OF7263;3931;2025-11-26 01:12;2025-11-26 07:22
BSK2511OF6098;2362;2025-11-17 11:00;2025-11-17 14:28
BSK2511OF6098;4010;2025-11-17 14:28;2025-11-17 15:55
BSK2511OF6098;6025;2025-11-17 15:55;2025-11-17 19:57
BSK2511OF6098;4010;2025-11-18 13:43;2025-11-18 18:54
BSK2511OF6098;6078;2025-11-18 18:54;2025-11-19 02:23
BSK2511OF6098;6077;2025-11-19 02:23;2025-11-19 09:00
BSK2511OF6099;2362;2025-11-17 14:28;2025-11-17 17:56
BSK2511OF6099;4010;2025-11-18 18:54;2025-11-18 20:21
BSK2511OF6099;6025;2025-11-18 20:21;2025-11-19 00:23
BSK2511OF6099;4010;2025-11-19 00:23;2025-11-19 05:34
BSK2511OF6099;6078;2025-11-19 05:34;2025-11-19 13:03
BSK2511OF6099;6077;2025-11-24 00:00;2025-11-24 06:37
BSK2511OF6100;2362;2025-11-17 17:56;2025-11-17 21:24
BSK2511OF6100;4010;2025-11-19 05:34;2025-11-19 07:01
BSK2511OF6100;6025;2025-11-19 07:01;2025-11-19 11:03
BSK2511OF6100;4010;2025-11-19 11:03;2025-11-19 16:14
BSK2511OF6100;6078;2025-11-19 16:14;2025-11-19 23:43
BSK2511OF6100;6077;2025-11-24 06:37;2025-11-24 13:14
BSK2511OF6101;2362;2025-11-17 21:24;2025-11-18 00:52
BSK2511OF6101;4010;2025-11-19 16:14;2025-11-19 17:41
BSK2511OF6101;6025;2025-11-19 17:41;2025-11-19 21:43
BSK2511OF6101;4010;2025-11-19 21:43;2025-11-20 02:54
BSK2511OF6101;6078;2025-11-20 02:54;2025-11-20 10:23
BSK2511OF6101;6077;2025-11-24 13:14;2025-11-24 19:51
BSK2511OF6948;3944;2025-11-19 09:00;2025-11-19 12:36
BSK2511OF6948;4760;2025-11-19 12:36;2025-11-19 16:12
BSK2511OF6949;3944;2025-11-24 06:37;2025-11-24 10:13
BSK2511OF6949;4760;2025-11-24 10:13;2025-11-24 13:49
BSK2511OF6950;3944;2025-11-24 13:14;2025-11-24 16:50
BSK2511OF6950;4760;2025-11-24 16:50;2025-11-24 20:26
BSK2511OF6951;3944;2025-11-24 19:51;2025-11-24 23:27
BSK2511OF6951;4760;2025-11-24 23:27;2025-11-25 03:03
BSK2511OF6102;2362;2025-11-18 00:52;2025-11-18 04:20
BSK2511OF6102;4010;2025-11-18 04:20;2025-11-18 05:47
BSK2511OF6102;6025;2025-11-18 05:47;2025-11-18 09:49
BSK2511OF6102;4010;2025-11-24 00:00;2025-11-24 05:11
BSK2511OF6102;6078;2025-11-24 05:11;2025-11-24 12:40
BSK2511OF6102;6077;2025-11-24 19:51;2025-11-25 02:28
BSK2511OF6952;3944;2025-11-25 02:28;2025-11-25 06:04
BSK2511OF6952;4760;2025-11-25 06:04;2025-11-25 09:40
BSK2511OF6123;2362;2025-11-18 04:20;2025-11-18 07:48
BSK2511OF6123;6043;2025-11-18 07:48;2025-11-18 10:41
BSK2511OF6123;6002;2025-11-18 10:41;2025-11-18 14:43
BSK2511OF6123;3938;2025-11-18 14:43;2025-11-18 17:01
BSK2511OF6123;6011;2025-11-18 17:01;2025-11-18 21:03
BSK2511OF6123;4827;2025-11-18 21:03;2025-11-18 22:47
BSK2511OF6123;6078;2025-11-24 12:40;2025-11-24 18:08
BSK2511OF6124;2362;2025-11-18 07:48;2025-11-18 11:16
BSK2511OF6124;6043;2025-11-18 11:16;2025-11-18 14:09
BSK2511OF6124;6002;2025-11-18 14:43;2025-11-18 18:45
BSK2511OF6124;3938;2025-11-18 18:45;2025-11-18 21:03
BSK2511OF6124;6011;2025-11-18 21:03;2025-11-19 01:05
BSK2511OF6124;4827;2025-11-19 01:05;2025-11-19 02:49
BSK2511OF6124;6078;2025-11-24 18:08;2025-11-24 23:36
BSK2511OF6125;2362;2025-11-18 11:16;2025-11-18 14:44
BSK2511OF6125;6043;2025-11-18 14:44;2025-11-18 17:37
BSK2511OF6125;6002;2025-11-18 18:45;2025-11-18 22:47
BSK2511OF6125;3938;2025-11-18 22:47;2025-11-19 01:05
BSK2511OF6125;6011;2025-11-19 01:05;2025-11-19 05:07
BSK2511OF6125;4827;2025-11-19 05:07;2025-11-19 06:51
BSK2511OF6125;6078;2025-11-24 23:36;2025-11-25 05:04
BSK2511OF6126;2362;2025-11-24 00:00;2025-11-24 03:28
BSK2511OF6126;6043;2025-11-24 03:28;2025-11-24 06:21
BSK2511OF6126;6002;2025-11-24 06:21;2025-11-24 10:23
BSK2511OF6126;3938;2025-11-24 10:23;2025-11-24 12:41
BSK2511OF6126;6011;2025-11-24 12:41;2025-11-24 16:43
BSK2511OF6126;4827;2025-11-24 16:43;2025-11-24 18:27
BSK2511OF6126;6078;2025-11-25 05:04;2025-11-25 10:32
BSK2511OF6127;2362;2025-11-24 03:28;2025-11-24 06:56
BSK2511OF6127;6043;2025-11-24 06:56;2025-11-24 09:49
BSK2511OF6127;6002;2025-11-24 10:23;2025-11-24 14:25
BSK2511OF6127;3938;2025-11-24 14:25;2025-11-24 16:43
BSK2511OF6127;6011;2025-11-24 16:43;2025-11-24 20:45
BSK2511OF6127;4827;2025-11-24 20:45;2025-11-24 22:29
BSK2511OF6127;6078;2025-11-25 10:32;2025-11-25 16:00
BSK2511OF6128;2362;2025-11-24 06:56;2025-11-24 10:24
BSK2511OF6128;6043;2025-11-24 10:24;2025-11-24 13:17
BSK2511OF6128;6002;2025-11-24 14:25;2025-11-24 18:27
BSK2511OF6128;3938;2025-11-24 18:27;2025-11-24 20:45
BSK2511OF6128;6011;2025-11-24 20:45;2025-11-25 00:47
BSK2511OF6128;4827;2025-11-25 00:47;2025-11-25 02:31
BSK2511OF6128;6078;2025-12-01 00:00;2025-12-01 05:28
BSK2511OF6129;2362;2025-11-24 10:24;2025-11-24 13:52
BSK2511OF6129;6043;2025-11-24 13:52;2025-11-24 16:45
BSK2511OF6129;6002;2025-11-24 18:27;2025-11-24 22:29
BSK2511OF6129;3938;2025-11-24 22:29;2025-11-25 00:47
BSK2511OF6129;6011;2025-11-25 00:47;2025-11-25 04:49
BSK2511OF6129;4827;2025-11-25 04:49;2025-11-25 06:33
BSK2511OF6129;6078;2025-12-01 05:28;2025-12-01 10:56
BSK2511OF6130;2362;2025-11-24 13:52;2025-11-24 17:20
BSK2511OF6130;6043;2025-11-24 17:20;2025-11-24 20:13
BSK2511OF6130;6002;2025-11-24 22:29;2025-11-25 02:31
BSK2511OF6130;3938;2025-11-25 02:31;2025-11-25 04:49
BSK2511OF6130;6011;2025-12-01 00:00;2025-12-01 04:02
BSK2511OF6130;4827;2025-12-01 04:02;2025-12-01 05:46
BSK2511OF6130;6078;2025-12-01 10:56;2025-12-01 16:24
BSK2511OF6131;2362;2025-11-24 17:20;2025-11-24 20:48
BSK2511OF6131;6043;2025-11-24 20:48;2025-11-24 23:41
BSK2511OF6131;6002;2025-11-25 02:31;2025-11-25 06:33
BSK2511OF6131;3938;2025-11-25 06:33;2025-11-25 08:51
BSK2511OF6131;6011;2025-12-01 04:02;2025-12-01 08:04
BSK2511OF6131;4827;2025-12-01 08:04;2025-12-01 09:48
BSK2511OF6131;6078;2025-12-01 16:24;2025-12-01 21:52
BSK2511OF6143;2362;2025-11-24 20:48;2025-11-25 00:16
BSK2511OF6143;6043;2025-11-25 00:16;2025-11-25 03:09
BSK2511OF6143;6002;2025-11-25 06:33;2025-11-25 10:35
BSK2511OF6143;3938;2025-11-25 10:35;2025-11-25 12:53
BSK2511OF6143;6011;2025-12-01 08:04;2025-12-01 12:06
BSK2511OF6143;4827;2025-12-01 12:06;2025-12-01 13:50
BSK2511OF6144;2362;2025-11-25 00:16;2025-11-25 03:44
BSK2511OF6144;6043;2025-11-25 03:44;2025-11-25 06:37
BSK2511OF6144;6002;2025-11-25 10:35;2025-11-25 14:37
BSK2511OF6144;3938;2025-11-25 14:37;2025-11-25 16:55
BSK2511OF6144;6011;2025-12-01 12:06;2025-12-01 16:08
BSK2511OF6144;4827;2025-12-01 16:08;2025-12-01 17:52
BSK2511OF6145;2362;2025-11-25 03:44;2025-11-25 07:12
BSK2511OF6145;6043;2025-11-25 07:12;2025-11-25 10:05
BSK2511OF6145;6002;2025-12-01 00:00;2025-12-01 04:02
BSK2511OF6145;3938;2025-12-01 04:02;2025-12-01 06:20
BSK2511OF6145;6011;2025-12-01 16:08;2025-12-01 20:10
BSK2511OF6145;4827;2025-12-01 20:10;2025-12-01 21:54
BSK2511OF6154;2362;2025-11-25 07:12;2025-11-25 10:40
BSK2511OF6154;3926;2025-11-25 10:40;2025-11-25 14:42
BSK2511OF6154;3938;2025-11-25 16:55;2025-11-25 19:13
BSK2511OF6154;4144;2025-11-25 19:13;2025-11-25 20:22
BSK2511OF6154;4827;2025-11-25 20:22;2025-11-25 22:40
BSK2511OF6154;4120;2025-11-25 22:40;2025-11-26 04:59
BSK2511OF6155;2362;2025-12-01 00:00;2025-12-01 03:28
BSK2511OF6155;3926;2025-12-01 03:28;2025-12-01 07:30
BSK2511OF6155;3938;2025-12-01 07:30;2025-12-01 09:48
BSK2511OF6155;4144;2025-12-01 09:48;2025-12-01 10:57
BSK2511OF6155;4827;2025-12-01 13:50;2025-12-01 16:08
BSK2511OF6155;4120;2025-12-01 16:08;2025-12-01 22:27
BSK2511OF7084;3930;2025-11-26 04:59;2025-11-26 08:01
BSK2511OF7084;4747;2025-11-26 08:01;2025-11-26 11:03
BSK2511OF7084;3931;2025-11-26 11:03;2025-11-26 13:23
BSK2511OF7085;3930;2025-12-01 22:27;2025-12-02 01:29
BSK2511OF7085;4747;2025-12-02 01:29;2025-12-02 04:31
BSK2511OF7085;3931;2025-12-02 04:31;2025-12-02 06:51
BSK2511OF6245;2362;2025-12-01 03:28;2025-12-01 07:09
BSK2511OF6245;4067;2025-12-01 07:09;2025-12-01 11:45
BSK2511OF6245;4027;2025-12-01 11:45;2025-12-01 16:39
BSK2511OF6246;2362;2025-12-01 07:09;2025-12-01 10:50
BSK2511OF6246;4067;2025-12-01 11:45;2025-12-01 16:21
BSK2511OF6246;4027;2025-12-01 16:39;2025-12-01 21:33
BSK2511OF7002;4609;2025-12-01 16:39;2025-12-01 19:03
BSK2511OF7002;4801;2025-12-01 19:03;2025-12-02 03:41
BSK2511OF7002;4732;2025-12-02 03:41;2025-12-02 06:52
BSK2511OF7003;4609;2025-12-01 21:33;2025-12-01 23:57
BSK2511OF7003;4801;2025-12-02 03:41;2025-12-02 12:19
BSK2511OF7003;4732;2025-12-02 12:19;2025-12-02 15:30
BSK2511OF6324;2362;2025-12-01 10:50;2025-12-01 13:43
BSK2511OF6324;6002;2025-12-01 13:43;2025-12-01 17:45
BSK2511OF6324;3938;2025-12-01 17:45;2025-12-01 19:29
BSK2511OF6324;4144;2025-12-01 19:29;2025-12-01 20:21
BSK2511OF6324;3934;2025-12-01 20:21;2025-12-01 22:05
BSK2511OF6339;2362;2025-11-18 14:44;2025-11-18 15:36
BSK2511OF6339;4076;2025-11-18 15:36;2025-11-18 19:38
BSK2511OF6339;4807;2025-11-18 19:38;2025-11-18 21:22
BSK2511OF6339;4124;2025-11-18 21:22;2025-11-18 22:49
BSK2511OF6339;4010;2025-11-24 05:11;2025-11-24 06:38
BSK2511OF6339;4818;2025-12-01 00:00;2025-12-01 13:31
BSK2511OF6339;3995;2025-12-01 13:31;2025-12-01 20:26
BSK2511OF7162;4814;2025-12-01 20:26;2025-12-01 23:44
BSK2511OF7162;4703;2025-12-01 23:44;2025-12-02 03:02
BSK2511OF7163;4814;2025-12-01 23:44;2025-12-02 11:33
BSK2511OF7163;4703;2025-12-02 11:33;2025-12-02 23:22
BSK2511OF7164;4814;2025-12-02 11:33;2025-12-02 14:00
BSK2511OF7164;4703;2025-12-02 23:22;2025-12-03 01:49
BSK2511OF6518;4689;2025-11-10 00:00;2025-11-10 17:50
BSK2511OF7077;4501;2025-11-10 17:50;2025-11-11 10:10
BSK2511OF7078;4501;2025-11-11 10:10;2025-11-11 11:47
BSK2511OF6612;MIR;2025-11-10 00:00;2025-11-10 08:45
BSK2511OF6612;2694;2025-11-10 09:12;2025-11-10 11:13
BSK2511OF6612;3826X;2025-11-24 00:00;2025-11-24 05:11
BSK2511OF6612;2128;2025-11-24 05:11;2025-11-24 12:06
BSK2511OF6612;2618;2025-11-24 12:06;2025-11-24 21:53
BSK2511OF6612;2680;2025-11-24 21:53;2025-11-25 07:40
BSK2511OF6612;2514;2025-11-25 07:40;2025-11-25 13:25
BSK2511OF6612;2515;2025-11-25 13:25;2025-11-26 03:48
BSK2511OF6612;2699;2025-11-26 03:48;2025-11-26 17:54
BSK2511OF6612;3813;2025-11-26 17:54;2025-11-26 23:57
BSK2511OF6613;MIR;2025-11-10 08:45;2025-11-10 17:30
BSK2511OF6613;2694;2025-11-10 17:30;2025-11-10 19:31
BSK2511OF6613;3826X;2025-11-24 05:11;2025-11-24 10:22
BSK2511OF6613;2128;2025-11-24 12:06;2025-11-24 19:01
BSK2511OF6613;2618;2025-11-24 21:53;2025-11-25 07:40
BSK2511OF6613;2680;2025-11-25 07:40;2025-11-25 17:27
BSK2511OF6613;2514;2025-11-25 17:27;2025-11-25 23:12
BSK2511OF6613;2515;2025-11-26 03:48;2025-11-26 18:11
BSK2511OF6613;2699;2025-11-26 18:11;2025-11-27 08:17
BSK2511OF6613;3813;2025-11-27 08:17;2025-11-27 14:20
BSK2511OF6816;4631;2025-11-26 23:57;2025-11-27 14:42
BSK2511OF6816;4672;2025-11-27 14:42;2025-11-27 15:58
BSK2511OF6816;4709;2025-11-27 15:58;2025-11-28 00:16
BSK2511OF6817;4631;2025-11-27 14:42;2025-11-27 23:33
BSK2511OF6817;4672;2025-11-27 23:33;2025-11-28 00:19
BSK2511OF6817;4709;2025-11-28 00:19;2025-11-28 05:18
BSK2511OF6818;4631;2025-12-01 00:00;2025-12-01 23:35
BSK2511OF6818;4672;2025-12-01 23:35;2025-12-02 01:36
BSK2511OF6818;4709;2025-12-02 01:36;2025-12-02 14:52
BSK2511OF6628;3635;2025-11-10 00:00;2025-11-10 01:09
BSK2511OF6628;MIR;2025-11-10 17:30;2025-11-10 20:41
BSK2511OF6628;3826X;2025-11-24 10:22;2025-11-24 15:33
BSK2511OF6628;2618;2025-11-25 07:40;2025-11-25 14:18
BSK2511OF6628;2680;2025-11-25 17:27;2025-11-26 00:56
BSK2511OF6628;2514;2025-11-26 00:56;2025-11-26 06:10
BSK2511OF6628;2515;2025-12-01 00:00;2025-12-01 06:48
BSK2511OF6628;2699;2025-12-01 06:48;2025-12-01 12:02
BSK2511OF6628;3813;2025-12-01 12:02;2025-12-01 15:26
BSK2511OF6629;3635;2025-11-10 01:09;2025-11-10 02:18
BSK2511OF6629;MIR;2025-11-10 20:41;2025-11-10 23:52
BSK2511OF6629;3826X;2025-11-24 15:33;2025-11-24 20:44
BSK2511OF6629;2618;2025-11-25 14:18;2025-11-25 20:56
BSK2511OF6629;2680;2025-11-26 00:56;2025-11-26 08:25
BSK2511OF6629;2514;2025-11-26 08:25;2025-11-26 13:39
BSK2511OF6629;2515;2025-12-01 06:48;2025-12-01 13:36
BSK2511OF6629;2699;2025-12-01 13:36;2025-12-01 18:50
BSK2511OF6629;3813;2025-12-01 18:50;2025-12-01 22:14
BSK2511OF6915;4631;2025-12-01 23:35;2025-12-02 09:09
BSK2511OF6915;4709;2025-12-02 14:52;2025-12-02 22:59
BSK2511OF6661;COL;2025-11-10 00:00;2025-11-10 08:45
BSK2511OF6661;2694;2025-11-10 11:13;2025-11-10 13:14
BSK2511OF6661;2681;2025-11-10 13:14;2025-11-10 20:09
BSK2511OF6661;2132X;2025-11-10 20:09;2025-11-11 07:30
BSK2511OF6661;3812;2025-11-11 07:30;2025-11-11 15:34
BSK2511OF6661;2143;2025-11-11 15:34;2025-11-12 06:35
BSK2511OF6662;COL;2025-11-10 08:45;2025-11-10 17:30
BSK2511OF6662;2694;2025-11-10 19:31;2025-11-10 21:32
BSK2511OF6662;2681;2025-11-10 21:32;2025-11-11 04:27
BSK2511OF6662;2132X;2025-11-11 07:30;2025-11-11 18:51
BSK2511OF6662;3812;2025-11-11 18:51;2025-11-12 02:55
BSK2511OF6662;2143;2025-11-12 06:35;2025-11-12 21:36
BSK2511OF6663;COL;2025-11-10 17:30;2025-11-11 02:15
BSK2511OF6663;2694;2025-11-11 02:15;2025-11-11 04:16
BSK2511OF6663;2681;2025-11-11 04:27;2025-11-11 11:22
BSK2511OF6663;2132X;2025-11-11 18:51;2025-11-12 06:12
BSK2511OF6663;3812;2025-11-12 06:12;2025-11-12 14:16
BSK2511OF6663;2143;2025-11-17 00:00;2025-11-17 15:01
BSK2511OF6992;2141;2025-11-12 06:35;2025-11-12 18:16
BSK2511OF6992;2140;2025-11-12 18:16;2025-11-13 05:57
BSK2511OF6993;2141;2025-11-12 21:36;2025-11-13 09:17
BSK2511OF6993;2140;2025-11-13 09:17;2025-11-13 20:58
BSK2511OF6994;2141;2025-11-17 15:01;2025-11-18 02:42
BSK2511OF6994;2140;2025-11-18 02:42;2025-11-18 14:23
BSK2511OF6672;INS;2025-11-10 00:00;2025-11-10 08:45
BSK2511OF6672;2694;2025-11-10 13:14;2025-11-10 15:32
BSK2511OF6672;2123;2025-11-10 15:32;2025-11-10 21:17
BSK2511OF6672;2145X;2025-11-10 21:17;2025-11-11 03:02
BSK2511OF6672;2145;2025-11-11 03:02;2025-11-11 08:47
BSK2511OF6672;2117;2025-11-11 08:47;2025-11-11 15:07
BSK2511OF6672;2664;2025-11-11 15:07;2025-11-12 00:37
BSK2511OF6672;2583;2025-11-12 00:37;2025-11-12 07:32
BSK2511OF6673;INS;2025-11-10 08:45;2025-11-10 17:30
BSK2511OF6673;2694;2025-11-10 21:32;2025-11-10 23:50
BSK2511OF6673;2123;2025-11-10 23:50;2025-11-11 05:35
BSK2511OF6673;2145X;2025-11-11 05:35;2025-11-11 11:20
BSK2511OF6673;2145;2025-11-11 11:20;2025-11-11 17:05
BSK2511OF6673;2117;2025-11-11 17:05;2025-11-11 23:25
BSK2511OF6673;2664;2025-11-12 00:37;2025-11-12 10:07
BSK2511OF6673;2583;2025-11-12 10:07;2025-11-12 17:02
BSK2511OF6674;INS;2025-11-10 17:30;2025-11-11 02:15
BSK2511OF6674;2694;2025-11-11 04:16;2025-11-11 06:34
BSK2511OF6674;2123;2025-11-11 06:34;2025-11-11 12:19
BSK2511OF6674;2145X;2025-11-11 12:19;2025-11-11 18:04
BSK2511OF6674;2145;2025-11-11 18:04;2025-11-11 23:49
BSK2511OF6674;2117;2025-11-11 23:49;2025-11-12 06:09
BSK2511OF6674;2664;2025-11-12 10:07;2025-11-12 19:37
BSK2511OF6674;2583;2025-11-12 19:37;2025-11-13 02:32
BSK2511OF6675;INS;2025-11-11 02:15;2025-11-11 11:00
BSK2511OF6675;2694;2025-11-11 11:00;2025-11-11 13:18
BSK2511OF6675;2123;2025-11-11 13:18;2025-11-11 19:03
BSK2511OF6675;2145X;2025-11-11 19:03;2025-11-12 00:48
BSK2511OF6675;2145;2025-11-12 00:48;2025-11-12 06:33
BSK2511OF6675;2117;2025-11-12 06:33;2025-11-12 12:53
BSK2511OF6675;2664;2025-11-17 00:00;2025-11-17 09:30
BSK2511OF6675;2583;2025-11-17 09:30;2025-11-17 16:25
BSK2511OF6676;INS;2025-11-17 00:00;2025-11-17 08:45
BSK2511OF6676;2694;2025-11-17 08:45;2025-11-17 11:03
BSK2511OF6676;2123;2025-11-17 11:03;2025-11-17 16:48
BSK2511OF6676;2145X;2025-11-17 16:48;2025-11-17 22:33
BSK2511OF6676;2145;2025-11-17 22:33;2025-11-18 04:18
BSK2511OF6676;2117;2025-11-18 04:18;2025-11-18 10:38
BSK2511OF6676;2664;2025-11-18 10:38;2025-11-18 20:08
BSK2511OF6676;2583;2025-11-18 20:08;2025-11-19 03:03
BSK2511OF6677;INS;2025-11-17 08:45;2025-11-17 17:30
BSK2511OF6677;2694;2025-11-17 17:30;2025-11-17 19:48
BSK2511OF6677;2123;2025-11-17 19:48;2025-11-18 01:33
BSK2511OF6677;2145X;2025-11-18 01:33;2025-11-18 07:18
BSK2511OF6677;2145;2025-11-18 07:18;2025-11-18 13:03
BSK2511OF6677;2117;2025-11-18 13:03;2025-11-18 19:23
BSK2511OF6677;2664;2025-11-18 20:08;2025-11-19 05:38
BSK2511OF6677;2583;2025-11-19 05:38;2025-11-19 12:33
BSK2511OF6678;INS;2025-11-17 17:30;2025-11-18 02:15
BSK2511OF6678;2694;2025-11-18 02:15;2025-11-18 04:33
BSK2511OF6678;2123;2025-11-18 04:33;2025-11-18 10:18
BSK2511OF6678;2145X;2025-11-18 10:18;2025-11-18 16:03
BSK2511OF6678;2145;2025-11-18 16:03;2025-11-18 21:48
BSK2511OF6678;2117;2025-11-18 21:48;2025-11-19 04:08
BSK2511OF6678;2664;2025-11-24 00:00;2025-11-24 09:30
BSK2511OF6678;2583;2025-11-24 09:30;2025-11-24 16:25
BSK2511OF6679;INS;2025-11-18 02:15;2025-11-18 11:00
BSK2511OF6679;2694;2025-11-18 11:00;2025-11-18 13:18
BSK2511OF6679;2123;2025-11-18 13:18;2025-11-18 19:03
BSK2511OF6679;2145X;2025-11-18 19:03;2025-11-19 00:48
BSK2511OF6679;2145;2025-11-19 00:48;2025-11-19 06:33
BSK2511OF6679;2117;2025-11-19 06:33;2025-11-19 12:53
BSK2511OF6679;2664;2025-11-24 09:30;2025-11-24 19:00
BSK2511OF6679;2583;2025-11-24 19:00;2025-11-25 01:55
BSK2511OF7034;2699;2025-11-12 07:32;2025-11-12 09:46
BSK2511OF7034;2652;2025-11-12 09:46;2025-11-12 13:48
BSK2511OF7034;4610;2025-11-12 13:48;2025-11-12 17:26
BSK2511OF7034;2139;2025-11-12 17:26;2025-11-12 21:04
BSK2511OF7035;2699;2025-11-12 09:46;2025-11-12 12:09
BSK2511OF7035;2652;2025-11-12 13:48;2025-11-12 18:07
BSK2511OF7035;4610;2025-11-12 18:07;2025-11-12 22:00
BSK2511OF7035;2139;2025-11-12 22:00;2025-11-13 01:53
BSK2511OF7036;2699;2025-11-12 17:02;2025-11-12 21:38
BSK2511OF7036;2652;2025-11-12 21:38;2025-11-13 05:59
BSK2511OF7036;4610;2025-11-13 05:59;2025-11-13 13:29
BSK2511OF7036;2139;2025-11-13 13:29;2025-11-13 20:59
BSK2511OF7037;2699;2025-11-13 02:32;2025-11-13 07:08
BSK2511OF7037;2652;2025-11-13 07:08;2025-11-13 15:29
BSK2511OF7037;4610;2025-11-13 15:29;2025-11-13 22:59
BSK2511OF7037;2139;2025-11-13 22:59;2025-11-14 06:29
BSK2511OF7038;2699;2025-11-17 16:25;2025-11-17 21:01
BSK2511OF7038;2652;2025-11-17 21:01;2025-11-18 05:22
BSK2511OF7038;4610;2025-11-18 05:22;2025-11-18 12:52
BSK2511OF7038;2139;2025-11-18 12:52;2025-11-18 20:22
BSK2511OF6681;COL;2025-11-11 02:15;2025-11-11 11:00
BSK2511OF6681;2694;2025-11-11 13:18;2025-11-11 15:19
BSK2511OF6681;2681;2025-11-11 15:19;2025-11-11 22:14
BSK2511OF6681;2132X;2025-11-17 00:00;2025-11-17 11:21
BSK2511OF6681;3812;2025-11-17 11:21;2025-11-17 19:25
BSK2511OF6681;2143;2025-11-17 19:25;2025-11-18 10:26
BSK2511OF6682;COL;2025-11-17 00:00;2025-11-17 08:45
BSK2511OF6682;2694;2025-11-17 11:03;2025-11-17 13:04
BSK2511OF6682;2681;2025-11-17 13:04;2025-11-17 19:59
BSK2511OF6682;2132X;2025-11-17 19:59;2025-11-18 07:20
BSK2511OF6682;3812;2025-11-18 07:20;2025-11-18 15:24
BSK2511OF6682;2143;2025-11-24 00:00;2025-11-24 15:01
BSK2511OF7204;2141;2025-11-18 10:26;2025-11-18 22:07
BSK2511OF7204;2140;2025-11-18 22:07;2025-11-19 09:48
BSK2511OF7205;2141;2025-11-24 15:01;2025-11-24 17:27
BSK2511OF7205;2140;2025-11-24 17:27;2025-11-24 19:53
BSK2511OF7206;2141;2025-11-24 17:27;2025-11-25 02:43
BSK2511OF7206;2140;2025-11-25 02:43;2025-11-25 11:59
BSK2511OF6683;COL;2025-11-17 08:45;2025-11-17 17:30
BSK2511OF6683;2694;2025-11-17 19:48;2025-11-17 21:49
BSK2511OF6683;2681;2025-11-17 21:49;2025-11-18 04:44
BSK2511OF6683;2132X;2025-11-18 07:20;2025-11-18 19:08
BSK2511OF6683;3812;2025-11-18 19:08;2025-11-19 03:12
BSK2511OF6683;2143;2025-11-24 15:01;2025-11-25 06:33
BSK2511OF6684;COL;2025-11-17 17:30;2025-11-18 02:15
BSK2511OF6684;2694;2025-11-18 04:33;2025-11-18 06:34
BSK2511OF6684;2681;2025-11-18 06:34;2025-11-18 13:29
BSK2511OF6684;2132X;2025-11-24 00:00;2025-11-24 11:48
BSK2511OF6684;3812;2025-11-24 11:48;2025-11-24 19:52
BSK2511OF6684;2143;2025-12-01 00:00;2025-12-01 15:32
BSK2511OF7230;2141;2025-11-25 06:33;2025-11-25 18:40
BSK2511OF7230;2140;2025-11-25 18:40;2025-11-26 06:47
BSK2511OF7231;2141;2025-12-01 15:32;2025-12-02 03:39
BSK2511OF7231;2140;2025-12-02 03:39;2025-12-02 15:46
BSK2511OF7512;2362;2025-12-01 13:43;2025-12-01 16:36
BSK2511OF7512;4076;2025-12-01 16:36;2025-12-01 20:04
BSK2511OF7512;4807;2025-12-01 20:04;2025-12-01 21:48
BSK2511OF7512;6011;2025-12-01 21:48;2025-12-01 23:15
BSK2511OF7512;4010;2025-12-01 23:15;2025-12-02 00:42
BSK2511OF7512;4120;2025-12-02 00:42;2025-12-02 12:16
BSK2511OF7136;4814;2025-12-02 14:00;2025-12-03 00:56
BSK2511OF7136;4703;2025-12-03 01:49;2025-12-03 12:45
